,window10,avg(count)
0,"Row(start=datetime.datetime(2016, 7, 28, 3, 25), end=datetime.datetime(2016, 7, 28, 3, 35))",31.2
1,"Row(start=datetime.datetime(2016, 7, 26, 11, 5), end=datetime.datetime(2016, 7, 26, 11, 15))",33.7
2,"Row(start=datetime.datetime(2016, 7, 26, 13, 55), end=datetime.datetime(2016, 7, 26, 14, 5))",32.2
3,"Row(start=datetime.datetime(2016, 7, 27, 0, 55), end=datetime.datetime(2016, 7, 27, 1, 5))",34.2
4,"Row(start=datetime.datetime(2016, 7, 27, 6, 55), end=datetime.datetime(2016, 7, 27, 7, 5))",32.1
5,"Row(start=datetime.datetime(2016, 7, 26, 21, 45), end=datetime.datetime(2016, 7, 26, 21, 55))",32.0
6,"Row(start=datetime.datetime(2016, 7, 27, 9, 55), end=datetime.datetime(2016, 7, 27, 10, 5))",33.6
7,"Row(start=datetime.datetime(2016, 7, 28, 1, 15), end=datetime.datetime(2016, 7, 28, 1, 25))",36.1
8,"Row(start=datetime.datetime(2016, 7, 28, 0, 15), end=datetime.datetime(2016, 7, 28, 0, 25))",33.7
9,"Row(start=datetime.datetime(2016, 7, 28, 8, 15), end=datetime.datetime(2016, 7, 28, 8, 25))",4.4
10,"Row(start=datetime.datetime(2016, 7, 26, 15, 5), end=datetime.datetime(2016, 7, 26, 15, 15))",33.5
11,"Row(start=datetime.datetime(2016, 7, 27, 8, 55), end=datetime.datetime(2016, 7, 27, 9, 5))",31.7
12,"Row(start=datetime.datetime(2016, 7, 26, 12, 55), end=datetime.datetime(2016, 7, 26, 13, 5))",36.9
13,"Row(start=datetime.datetime(2016, 7, 28, 5, 35), end=datetime.datetime(2016, 7, 28, 5, 45))",33.1
14,"Row(start=datetime.datetime(2016, 7, 26, 22, 15), end=datetime.datetime(2016, 7, 26, 22, 25))",33.3
15,"Row(start=datetime.datetime(2016, 7, 27, 11, 45), end=datetime.datetime(2016, 7, 27, 11, 55))",33.3
16,"Row(start=datetime.datetime(2016, 7, 27, 16, 45), end=datetime.datetime(2016, 7, 27, 16, 55))",35.7
17,"Row(start=datetime.datetime(2016, 7, 27, 3, 5), end=datetime.datetime(2016, 7, 27, 3, 15))",30.3
18,"Row(start=datetime.datetime(2016, 7, 27, 12, 55), end=datetime.datetime(2016, 7, 27, 13, 5))",34.8
19,"Row(start=datetime.datetime(2016, 7, 27, 18, 25), end=datetime.datetime(2016, 7, 27, 18, 35))",31.9
20,"Row(start=datetime.datetime(2016, 7, 26, 13, 35), end=datetime.datetime(2016, 7, 26, 13, 45))",34.4
21,"Row(start=datetime.datetime(2016, 7, 26, 12, 35), end=datetime.datetime(2016, 7, 26, 12, 45))",31.3
22,"Row(start=datetime.datetime(2016, 7, 27, 9, 5), end=datetime.datetime(2016, 7, 27, 9, 15))",35.1
23,"Row(start=datetime.datetime(2016, 7, 27, 4, 45), end=datetime.datetime(2016, 7, 27, 4, 55))",29.1
24,"Row(start=datetime.datetime(2016, 7, 26, 19, 15), end=datetime.datetime(2016, 7, 26, 19, 25))",34.4
25,"Row(start=datetime.datetime(2016, 7, 27, 16, 35), end=datetime.datetime(2016, 7, 27, 16, 45))",31.0
26,"Row(start=datetime.datetime(2016, 7, 27, 20, 15), end=datetime.datetime(2016, 7, 27, 20, 25))",34.0
27,"Row(start=datetime.datetime(2016, 7, 27, 13, 35), end=datetime.datetime(2016, 7, 27, 13, 45))",35.3
28,"Row(start=datetime.datetime(2016, 7, 26, 22, 55), end=datetime.datetime(2016, 7, 26, 23, 5))",32.4
29,"Row(start=datetime.datetime(2016, 7, 26, 15, 35), end=datetime.datetime(2016, 7, 26, 15, 45))",33.7
30,"Row(start=datetime.datetime(2016, 7, 28, 7, 25), end=datetime.datetime(2016, 7, 28, 7, 35))",10.6
31,"Row(start=datetime.datetime(2016, 7, 27, 7, 35), end=datetime.datetime(2016, 7, 27, 7, 45))",33.2
32,"Row(start=datetime.datetime(2016, 7, 27, 7, 15), end=datetime.datetime(2016, 7, 27, 7, 25))",32.3
33,"Row(start=datetime.datetime(2016, 7, 28, 0, 35), end=datetime.datetime(2016, 7, 28, 0, 45))",30.7
34,"Row(start=datetime.datetime(2016, 7, 27, 11, 5), end=datetime.datetime(2016, 7, 27, 11, 15))",32.6
35,"Row(start=datetime.datetime(2016, 7, 26, 12, 25), end=datetime.datetime(2016, 7, 26, 12, 35))",34.4
36,"Row(start=datetime.datetime(2016, 7, 28, 8, 25), end=datetime.datetime(2016, 7, 28, 8, 35))",2.9
37,"Row(start=datetime.datetime(2016, 7, 28, 1, 45), end=datetime.datetime(2016, 7, 28, 1, 55))",33.1
38,"Row(start=datetime.datetime(2016, 7, 27, 13, 25), end=datetime.datetime(2016, 7, 27, 13, 35))",32.4
39,"Row(start=datetime.datetime(2016, 7, 27, 23, 55), end=datetime.datetime(2016, 7, 28, 0, 5))",34.0
40,"Row(start=datetime.datetime(2016, 7, 26, 14, 5), end=datetime.datetime(2016, 7, 26, 14, 15))",34.3
41,"Row(start=datetime.datetime(2016, 7, 27, 14, 55), end=datetime.datetime(2016, 7, 27, 15, 5))",36.0
42,"Row(start=datetime.datetime(2016, 7, 27, 6, 35), end=datetime.datetime(2016, 7, 27, 6, 45))",29.7
43,"Row(start=datetime.datetime(2016, 7, 27, 6, 45), end=datetime.datetime(2016, 7, 27, 6, 55))",34.1
44,"Row(start=datetime.datetime(2016, 7, 27, 14, 35), end=datetime.datetime(2016, 7, 27, 14, 45))",33.9
45,"Row(start=datetime.datetime(2016, 7, 26, 5, 15), end=datetime.datetime(2016, 7, 26, 5, 25))",22.2
46,"Row(start=datetime.datetime(2016, 7, 28, 4, 15), end=datetime.datetime(2016, 7, 28, 4, 25))",33.6
47,"Row(start=datetime.datetime(2016, 7, 27, 18, 15), end=datetime.datetime(2016, 7, 27, 18, 25))",32.6
48,"Row(start=datetime.datetime(2016, 7, 27, 12, 35), end=datetime.datetime(2016, 7, 27, 12, 45))",32.6
49,"Row(start=datetime.datetime(2016, 7, 26, 18, 55), end=datetime.datetime(2016, 7, 26, 19, 5))",32.7
50,"Row(start=datetime.datetime(2016, 7, 27, 22, 35), end=datetime.datetime(2016, 7, 27, 22, 45))",31.0
51,"Row(start=datetime.datetime(2016, 7, 26, 19, 45), end=datetime.datetime(2016, 7, 26, 19, 55))",32.9
52,"Row(start=datetime.datetime(2016, 7, 26, 7, 25), end=datetime.datetime(2016, 7, 26, 7, 35))",32.1
53,"Row(start=datetime.datetime(2016, 7, 26, 6, 5), end=datetime.datetime(2016, 7, 26, 6, 15))",29.1
54,"Row(start=datetime.datetime(2016, 7, 28, 7, 55), end=datetime.datetime(2016, 7, 28, 8, 5))",6.5
55,"Row(start=datetime.datetime(2016, 7, 27, 19, 5), end=datetime.datetime(2016, 7, 27, 19, 15))",33.8
56,"Row(start=datetime.datetime(2016, 7, 27, 9, 25), end=datetime.datetime(2016, 7, 27, 9, 35))",32.5
57,"Row(start=datetime.datetime(2016, 7, 28, 6, 15), end=datetime.datetime(2016, 7, 28, 6, 25))",32.6
58,"Row(start=datetime.datetime(2016, 7, 26, 9, 25), end=datetime.datetime(2016, 7, 26, 9, 35))",31.6
59,"Row(start=datetime.datetime(2016, 7, 28, 0, 45), end=datetime.datetime(2016, 7, 28, 0, 55))",32.4
60,"Row(start=datetime.datetime(2016, 7, 28, 4, 35), end=datetime.datetime(2016, 7, 28, 4, 45))",35.2
61,"Row(start=datetime.datetime(2016, 7, 28, 1, 55), end=datetime.datetime(2016, 7, 28, 2, 5))",34.0
62,"Row(start=datetime.datetime(2016, 7, 26, 21, 15), end=datetime.datetime(2016, 7, 26, 21, 25))",33.1
63,"Row(start=datetime.datetime(2016, 7, 27, 10, 15), end=datetime.datetime(2016, 7, 27, 10, 25))",34.8
64,"Row(start=datetime.datetime(2016, 7, 27, 21, 55), end=datetime.datetime(2016, 7, 27, 22, 5))",30.7
65,"Row(start=datetime.datetime(2016, 7, 26, 4, 45), end=datetime.datetime(2016, 7, 26, 4, 55))",10.3
66,"Row(start=datetime.datetime(2016, 7, 27, 11, 15), end=datetime.datetime(2016, 7, 27, 11, 25))",32.2
67,"Row(start=datetime.datetime(2016, 7, 26, 5, 5), end=datetime.datetime(2016, 7, 26, 5, 15))",19.1
68,"Row(start=datetime.datetime(2016, 7, 27, 6, 5), end=datetime.datetime(2016, 7, 27, 6, 15))",32.2
69,"Row(start=datetime.datetime(2016, 7, 27, 13, 5), end=datetime.datetime(2016, 7, 27, 13, 15))",34.3
70,"Row(start=datetime.datetime(2016, 7, 27, 19, 25), end=datetime.datetime(2016, 7, 27, 19, 35))",32.4
71,"Row(start=datetime.datetime(2016, 7, 27, 18, 45), end=datetime.datetime(2016, 7, 27, 18, 55))",34.1
72,"Row(start=datetime.datetime(2016, 7, 27, 16, 5), end=datetime.datetime(2016, 7, 27, 16, 15))",30.6
73,"Row(start=datetime.datetime(2016, 7, 26, 4, 55), end=datetime.datetime(2016, 7, 26, 5, 5))",17.8
74,"Row(start=datetime.datetime(2016, 7, 26, 19, 5), end=datetime.datetime(2016, 7, 26, 19, 15))",33.5
75,"Row(start=datetime.datetime(2016, 7, 27, 22, 15), end=datetime.datetime(2016, 7, 27, 22, 25))",34.2
76,"Row(start=datetime.datetime(2016, 7, 27, 14, 15), end=datetime.datetime(2016, 7, 27, 14, 25))",34.9
77,"Row(start=datetime.datetime(2016, 7, 26, 18, 5), end=datetime.datetime(2016, 7, 26, 18, 15))",33.8
78,"Row(start=datetime.datetime(2016, 7, 26, 8, 45), end=datetime.datetime(2016, 7, 26, 8, 55))",36.0
79,"Row(start=datetime.datetime(2016, 7, 27, 3, 55), end=datetime.datetime(2016, 7, 27, 4, 5))",30.8
80,"Row(start=datetime.datetime(2016, 7, 28, 6, 45), end=datetime.datetime(2016, 7, 28, 6, 55))",22.5
81,"Row(start=datetime.datetime(2016, 7, 26, 19, 55), end=datetime.datetime(2016, 7, 26, 20, 5))",33.8
82,"Row(start=datetime.datetime(2016, 7, 27, 4, 5), end=datetime.datetime(2016, 7, 27, 4, 15))",34.0
83,"Row(start=datetime.datetime(2016, 7, 27, 2, 25), end=datetime.datetime(2016, 7, 27, 2, 35))",31.3
84,"Row(start=datetime.datetime(2016, 7, 27, 15, 35), end=datetime.datetime(2016, 7, 27, 15, 45))",33.9
85,"Row(start=datetime.datetime(2016, 7, 28, 0, 25), end=datetime.datetime(2016, 7, 28, 0, 35))",35.0
86,"Row(start=datetime.datetime(2016, 7, 26, 9, 15), end=datetime.datetime(2016, 7, 26, 9, 25))",36.1
87,"Row(start=datetime.datetime(2016, 7, 27, 1, 35), end=datetime.datetime(2016, 7, 27, 1, 45))",30.7
88,"Row(start=datetime.datetime(2016, 7, 28, 1, 5), end=datetime.datetime(2016, 7, 28, 1, 15))",30.2
89,"Row(start=datetime.datetime(2016, 7, 27, 1, 45), end=datetime.datetime(2016, 7, 27, 1, 55))",33.5
90,"Row(start=datetime.datetime(2016, 7, 27, 11, 55), end=datetime.datetime(2016, 7, 27, 12, 5))",33.3
91,"Row(start=datetime.datetime(2016, 7, 28, 2, 45), end=datetime.datetime(2016, 7, 28, 2, 55))",34.4
92,"Row(start=datetime.datetime(2016, 7, 26, 8, 15), end=datetime.datetime(2016, 7, 26, 8, 25))",33.0
93,"Row(start=datetime.datetime(2016, 7, 26, 22, 5), end=datetime.datetime(2016, 7, 26, 22, 15))",34.7
94,"Row(start=datetime.datetime(2016, 7, 26, 19, 25), end=datetime.datetime(2016, 7, 26, 19, 35))",35.2
95,"Row(start=datetime.datetime(2016, 7, 26, 6, 45), end=datetime.datetime(2016, 7, 26, 6, 55))",32.6
96,"Row(start=datetime.datetime(2016, 7, 27, 2, 15), end=datetime.datetime(2016, 7, 27, 2, 25))",34.1
97,"Row(start=datetime.datetime(2016, 7, 27, 9, 45), end=datetime.datetime(2016, 7, 27, 9, 55))",33.9
98,"Row(start=datetime.datetime(2016, 7, 28, 1, 35), end=datetime.datetime(2016, 7, 28, 1, 45))",33.4
99,"Row(start=datetime.datetime(2016, 7, 28, 1, 25), end=datetime.datetime(2016, 7, 28, 1, 35))",33.8
100,"Row(start=datetime.datetime(2016, 7, 27, 15, 5), end=datetime.datetime(2016, 7, 27, 15, 15))",33.4
101,"Row(start=datetime.datetime(2016, 7, 27, 10, 35), end=datetime.datetime(2016, 7, 27, 10, 45))",31.7
102,"Row(start=datetime.datetime(2016, 7, 26, 20, 15), end=datetime.datetime(2016, 7, 26, 20, 25))",32.8
103,"Row(start=datetime.datetime(2016, 7, 26, 22, 25), end=datetime.datetime(2016, 7, 26, 22, 35))",33.0
104,"Row(start=datetime.datetime(2016, 7, 26, 8, 5), end=datetime.datetime(2016, 7, 26, 8, 15))",32.6
105,"Row(start=datetime.datetime(2016, 7, 27, 2, 35), end=datetime.datetime(2016, 7, 27, 2, 45))",35.6
106,"Row(start=datetime.datetime(2016, 7, 26, 15, 25), end=datetime.datetime(2016, 7, 26, 15, 35))",34.3
107,"Row(start=datetime.datetime(2016, 7, 26, 16, 45), end=datetime.datetime(2016, 7, 26, 16, 55))",32.8
108,"Row(start=datetime.datetime(2016, 7, 26, 16, 15), end=datetime.datetime(2016, 7, 26, 16, 25))",33.5
109,"Row(start=datetime.datetime(2016, 7, 27, 5, 45), end=datetime.datetime(2016, 7, 27, 5, 55))",35.0
110,"Row(start=datetime.datetime(2016, 7, 27, 2, 45), end=datetime.datetime(2016, 7, 27, 2, 55))",32.5
111,"Row(start=datetime.datetime(2016, 7, 27, 21, 45), end=datetime.datetime(2016, 7, 27, 21, 55))",34.2
112,"Row(start=datetime.datetime(2016, 7, 27, 21, 35), end=datetime.datetime(2016, 7, 27, 21, 45))",33.0
113,"Row(start=datetime.datetime(2016, 7, 27, 3, 35), end=datetime.datetime(2016, 7, 27, 3, 45))",34.5
114,"Row(start=datetime.datetime(2016, 7, 27, 8, 25), end=datetime.datetime(2016, 7, 27, 8, 35))",34.0
115,"Row(start=datetime.datetime(2016, 7, 26, 19, 35), end=datetime.datetime(2016, 7, 26, 19, 45))",34.3
116,"Row(start=datetime.datetime(2016, 7, 26, 23, 55), end=datetime.datetime(2016, 7, 27, 0, 5))",33.8
117,"Row(start=datetime.datetime(2016, 7, 27, 16, 15), end=datetime.datetime(2016, 7, 27, 16, 25))",32.6
118,"Row(start=datetime.datetime(2016, 7, 28, 2, 5), end=datetime.datetime(2016, 7, 28, 2, 15))",36.0
119,"Row(start=datetime.datetime(2016, 7, 28, 5, 45), end=datetime.datetime(2016, 7, 28, 5, 55))",31.2
120,"Row(start=datetime.datetime(2016, 7, 27, 20, 25), end=datetime.datetime(2016, 7, 27, 20, 35))",36.8
121,"Row(start=datetime.datetime(2016, 7, 27, 10, 5), end=datetime.datetime(2016, 7, 27, 10, 15))",35.3
122,"Row(start=datetime.datetime(2016, 7, 27, 20, 35), end=datetime.datetime(2016, 7, 27, 20, 45))",32.9
123,"Row(start=datetime.datetime(2016, 7, 26, 13, 5), end=datetime.datetime(2016, 7, 26, 13, 15))",33.7
124,"Row(start=datetime.datetime(2016, 7, 27, 3, 25), end=datetime.datetime(2016, 7, 27, 3, 35))",34.1
125,"Row(start=datetime.datetime(2016, 7, 26, 23, 5), end=datetime.datetime(2016, 7, 26, 23, 15))",34.9
126,"Row(start=datetime.datetime(2016, 7, 27, 6, 25), end=datetime.datetime(2016, 7, 27, 6, 35))",34.1
127,"Row(start=datetime.datetime(2016, 7, 26, 14, 35), end=datetime.datetime(2016, 7, 26, 14, 45))",31.7
128,"Row(start=datetime.datetime(2016, 7, 26, 10, 45), end=datetime.datetime(2016, 7, 26, 10, 55))",34.5
129,"Row(start=datetime.datetime(2016, 7, 26, 13, 25), end=datetime.datetime(2016, 7, 26, 13, 35))",32.4
130,"Row(start=datetime.datetime(2016, 7, 26, 7, 55), end=datetime.datetime(2016, 7, 26, 8, 5))",32.3
131,"Row(start=datetime.datetime(2016, 7, 28, 7, 45), end=datetime.datetime(2016, 7, 28, 7, 55))",8.6
132,"Row(start=datetime.datetime(2016, 7, 26, 22, 35), end=datetime.datetime(2016, 7, 26, 22, 45))",34.5
133,"Row(start=datetime.datetime(2016, 7, 28, 8, 5), end=datetime.datetime(2016, 7, 28, 8, 15))",6.3
134,"Row(start=datetime.datetime(2016, 7, 27, 20, 55), end=datetime.datetime(2016, 7, 27, 21, 5))",33.3
135,"Row(start=datetime.datetime(2016, 7, 27, 23, 15), end=datetime.datetime(2016, 7, 27, 23, 25))",32.5
136,"Row(start=datetime.datetime(2016, 7, 26, 10, 55), end=datetime.datetime(2016, 7, 26, 11, 5))",31.8
137,"Row(start=datetime.datetime(2016, 7, 27, 20, 5), end=datetime.datetime(2016, 7, 27, 20, 15))",32.8
138,"Row(start=datetime.datetime(2016, 7, 26, 8, 35), end=datetime.datetime(2016, 7, 26, 8, 45))",32.4
139,"Row(start=datetime.datetime(2016, 7, 27, 9, 35), end=datetime.datetime(2016, 7, 27, 9, 45))",31.6
140,"Row(start=datetime.datetime(2016, 7, 27, 5, 35), end=datetime.datetime(2016, 7, 27, 5, 45))",34.1
141,"Row(start=datetime.datetime(2016, 7, 26, 12, 5), end=datetime.datetime(2016, 7, 26, 12, 15))",33.4
142,"Row(start=datetime.datetime(2016, 7, 27, 18, 55), end=datetime.datetime(2016, 7, 27, 19, 5))",33.3
143,"Row(start=datetime.datetime(2016, 7, 27, 7, 45), end=datetime.datetime(2016, 7, 27, 7, 55))",35.3
144,"Row(start=datetime.datetime(2016, 7, 28, 6, 25), end=datetime.datetime(2016, 7, 28, 6, 35))",32.3
145,"Row(start=datetime.datetime(2016, 7, 26, 7, 5), end=datetime.datetime(2016, 7, 26, 7, 15))",32.0
146,"Row(start=datetime.datetime(2016, 7, 28, 2, 35), end=datetime.datetime(2016, 7, 28, 2, 45))",30.3
147,"Row(start=datetime.datetime(2016, 7, 26, 17, 45), end=datetime.datetime(2016, 7, 26, 17, 55))",32.3
148,"Row(start=datetime.datetime(2016, 7, 27, 18, 35), end=datetime.datetime(2016, 7, 27, 18, 45))",33.4
149,"Row(start=datetime.datetime(2016, 7, 27, 19, 55), end=datetime.datetime(2016, 7, 27, 20, 5))",33.7
150,"Row(start=datetime.datetime(2016, 7, 27, 22, 25), end=datetime.datetime(2016, 7, 27, 22, 35))",32.8
151,"Row(start=datetime.datetime(2016, 7, 27, 20, 45), end=datetime.datetime(2016, 7, 27, 20, 55))",33.9
152,"Row(start=datetime.datetime(2016, 7, 26, 13, 45), end=datetime.datetime(2016, 7, 26, 13, 55))",32.4
153,"Row(start=datetime.datetime(2016, 7, 27, 4, 25), end=datetime.datetime(2016, 7, 27, 4, 35))",36.5
154,"Row(start=datetime.datetime(2016, 7, 27, 4, 35), end=datetime.datetime(2016, 7, 27, 4, 45))",32.6
155,"Row(start=datetime.datetime(2016, 7, 26, 10, 5), end=datetime.datetime(2016, 7, 26, 10, 15))",32.0
156,"Row(start=datetime.datetime(2016, 7, 28, 5, 55), end=datetime.datetime(2016, 7, 28, 6, 5))",34.4
157,"Row(start=datetime.datetime(2016, 7, 27, 18, 5), end=datetime.datetime(2016, 7, 27, 18, 15))",35.3
158,"Row(start=datetime.datetime(2016, 7, 26, 10, 25), end=datetime.datetime(2016, 7, 26, 10, 35))",32.3
159,"Row(start=datetime.datetime(2016, 7, 26, 7, 45), end=datetime.datetime(2016, 7, 26, 7, 55))",33.1
160,"Row(start=datetime.datetime(2016, 7, 28, 4, 25), end=datetime.datetime(2016, 7, 28, 4, 35))",34.1
161,"Row(start=datetime.datetime(2016, 7, 26, 20, 45), end=datetime.datetime(2016, 7, 26, 20, 55))",32.6
162,"Row(start=datetime.datetime(2016, 7, 26, 21, 25), end=datetime.datetime(2016, 7, 26, 21, 35))",31.3
163,"Row(start=datetime.datetime(2016, 7, 27, 17, 45), end=datetime.datetime(2016, 7, 27, 17, 55))",34.4
164,"Row(start=datetime.datetime(2016, 7, 26, 9, 35), end=datetime.datetime(2016, 7, 26, 9, 45))",32.6
165,"Row(start=datetime.datetime(2016, 7, 26, 20, 5), end=datetime.datetime(2016, 7, 26, 20, 15))",33.1
166,"Row(start=datetime.datetime(2016, 7, 27, 12, 25), end=datetime.datetime(2016, 7, 27, 12, 35))",34.2
167,"Row(start=datetime.datetime(2016, 7, 26, 6, 55), end=datetime.datetime(2016, 7, 26, 7, 5))",34.3
168,"Row(start=datetime.datetime(2016, 7, 28, 4, 45), end=datetime.datetime(2016, 7, 28, 4, 55))",32.2
169,"Row(start=datetime.datetime(2016, 7, 27, 8, 45), end=datetime.datetime(2016, 7, 27, 8, 55))",34.1
170,"Row(start=datetime.datetime(2016, 7, 26, 6, 15), end=datetime.datetime(2016, 7, 26, 6, 25))",28.9
171,"Row(start=datetime.datetime(2016, 7, 27, 15, 15), end=datetime.datetime(2016, 7, 27, 15, 25))",32.4
172,"Row(start=datetime.datetime(2016, 7, 26, 7, 15), end=datetime.datetime(2016, 7, 26, 7, 25))",35.0
173,"Row(start=datetime.datetime(2016, 7, 27, 10, 55), end=datetime.datetime(2016, 7, 27, 11, 5))",33.8
174,"Row(start=datetime.datetime(2016, 7, 28, 3, 45), end=datetime.datetime(2016, 7, 28, 3, 55))",32.1
175,"Row(start=datetime.datetime(2016, 7, 26, 9, 5), end=datetime.datetime(2016, 7, 26, 9, 15))",33.3
176,"Row(start=datetime.datetime(2016, 7, 27, 22, 55), end=datetime.datetime(2016, 7, 27, 23, 5))",35.9
177,"Row(start=datetime.datetime(2016, 7, 27, 10, 45), end=datetime.datetime(2016, 7, 27, 10, 55))",31.6
178,"Row(start=datetime.datetime(2016, 7, 28, 8, 35), end=datetime.datetime(2016, 7, 28, 8, 45))",1.875
179,"Row(start=datetime.datetime(2016, 7, 28, 2, 55), end=datetime.datetime(2016, 7, 28, 3, 5))",35.4
180,"Row(start=datetime.datetime(2016, 7, 26, 8, 25), end=datetime.datetime(2016, 7, 26, 8, 35))",31.9
181,"Row(start=datetime.datetime(2016, 7, 26, 23, 35), end=datetime.datetime(2016, 7, 26, 23, 45))",32.0
182,"Row(start=datetime.datetime(2016, 7, 26, 14, 25), end=datetime.datetime(2016, 7, 26, 14, 35))",32.3
183,"Row(start=datetime.datetime(2016, 7, 27, 15, 45), end=datetime.datetime(2016, 7, 27, 15, 55))",30.7
184,"Row(start=datetime.datetime(2016, 7, 27, 23, 35), end=datetime.datetime(2016, 7, 27, 23, 45))",31.7
185,"Row(start=datetime.datetime(2016, 7, 27, 19, 45), end=datetime.datetime(2016, 7, 27, 19, 55))",33.5
186,"Row(start=datetime.datetime(2016, 7, 26, 11, 35), end=datetime.datetime(2016, 7, 26, 11, 45))",31.8
187,"Row(start=datetime.datetime(2016, 7, 27, 3, 45), end=datetime.datetime(2016, 7, 27, 3, 55))",34.3
188,"Row(start=datetime.datetime(2016, 7, 26, 23, 45), end=datetime.datetime(2016, 7, 26, 23, 55))",34.6
189,"Row(start=datetime.datetime(2016, 7, 27, 10, 25), end=datetime.datetime(2016, 7, 27, 10, 35))",34.1
190,"Row(start=datetime.datetime(2016, 7, 28, 3, 35), end=datetime.datetime(2016, 7, 28, 3, 45))",32.6
191,"Row(start=datetime.datetime(2016, 7, 27, 17, 35), end=datetime.datetime(2016, 7, 27, 17, 45))",35.3
192,"Row(start=datetime.datetime(2016, 7, 26, 5, 25), end=datetime.datetime(2016, 7, 26, 5, 35))",20.2
193,"Row(start=datetime.datetime(2016, 7, 26, 16, 35), end=datetime.datetime(2016, 7, 26, 16, 45))",32.4
194,"Row(start=datetime.datetime(2016, 7, 26, 23, 15), end=datetime.datetime(2016, 7, 26, 23, 25))",34.3
195,"Row(start=datetime.datetime(2016, 7, 28, 3, 15), end=datetime.datetime(2016, 7, 28, 3, 25))",34.1
196,"Row(start=datetime.datetime(2016, 7, 26, 17, 15), end=datetime.datetime(2016, 7, 26, 17, 25))",34.0
197,"Row(start=datetime.datetime(2016, 7, 26, 16, 55), end=datetime.datetime(2016, 7, 26, 17, 5))",29.6
198,"Row(start=datetime.datetime(2016, 7, 27, 23, 5), end=datetime.datetime(2016, 7, 27, 23, 15))",34.1
199,"Row(start=datetime.datetime(2016, 7, 27, 12, 45), end=datetime.datetime(2016, 7, 27, 12, 55))",33.0
200,"Row(start=datetime.datetime(2016, 7, 27, 2, 55), end=datetime.datetime(2016, 7, 27, 3, 5))",34.0
201,"Row(start=datetime.datetime(2016, 7, 26, 20, 55), end=datetime.datetime(2016, 7, 26, 21, 5))",34.9
202,"Row(start=datetime.datetime(2016, 7, 26, 18, 45), end=datetime.datetime(2016, 7, 26, 18, 55))",34.5
203,"Row(start=datetime.datetime(2016, 7, 27, 5, 5), end=datetime.datetime(2016, 7, 27, 5, 15))",33.8
204,"Row(start=datetime.datetime(2016, 7, 27, 16, 25), end=datetime.datetime(2016, 7, 27, 16, 35))",30.5
205,"Row(start=datetime.datetime(2016, 7, 26, 9, 45), end=datetime.datetime(2016, 7, 26, 9, 55))",32.9
206,"Row(start=datetime.datetime(2016, 7, 27, 6, 15), end=datetime.datetime(2016, 7, 27, 6, 25))",35.9
207,"Row(start=datetime.datetime(2016, 7, 28, 5, 5), end=datetime.datetime(2016, 7, 28, 5, 15))",32.6
208,"Row(start=datetime.datetime(2016, 7, 27, 23, 25), end=datetime.datetime(2016, 7, 27, 23, 35))",32.2
209,"Row(start=datetime.datetime(2016, 7, 26, 23, 25), end=datetime.datetime(2016, 7, 26, 23, 35))",33.5
210,"Row(start=datetime.datetime(2016, 7, 26, 21, 5), end=datetime.datetime(2016, 7, 26, 21, 15))",35.9
211,"Row(start=datetime.datetime(2016, 7, 26, 20, 25), end=datetime.datetime(2016, 7, 26, 20, 35))",31.2
212,"Row(start=datetime.datetime(2016, 7, 26, 16, 5), end=datetime.datetime(2016, 7, 26, 16, 15))",35.2
213,"Row(start=datetime.datetime(2016, 7, 27, 2, 5), end=datetime.datetime(2016, 7, 27, 2, 15))",33.9
214,"Row(start=datetime.datetime(2016, 7, 28, 8, 45), end=datetime.datetime(2016, 7, 28, 8, 55))",1.0
215,"Row(start=datetime.datetime(2016, 7, 26, 10, 15), end=datetime.datetime(2016, 7, 26, 10, 25))",33.0
216,"Row(start=datetime.datetime(2016, 7, 27, 14, 25), end=datetime.datetime(2016, 7, 27, 14, 35))",33.4
217,"Row(start=datetime.datetime(2016, 7, 27, 8, 15), end=datetime.datetime(2016, 7, 27, 8, 25))",32.4
218,"Row(start=datetime.datetime(2016, 7, 26, 17, 25), end=datetime.datetime(2016, 7, 26, 17, 35))",32.2
219,"Row(start=datetime.datetime(2016, 7, 28, 7, 15), end=datetime.datetime(2016, 7, 28, 7, 25))",13.3
220,"Row(start=datetime.datetime(2016, 7, 27, 17, 55), end=datetime.datetime(2016, 7, 27, 18, 5))",32.3
221,"Row(start=datetime.datetime(2016, 7, 27, 4, 55), end=datetime.datetime(2016, 7, 27, 5, 5))",32.7
222,"Row(start=datetime.datetime(2016, 7, 27, 5, 55), end=datetime.datetime(2016, 7, 27, 6, 5))",35.1
223,"Row(start=datetime.datetime(2016, 7, 26, 17, 5), end=datetime.datetime(2016, 7, 26, 17, 15))",36.1
224,"Row(start=datetime.datetime(2016, 7, 26, 7, 35), end=datetime.datetime(2016, 7, 26, 7, 45))",35.1
225,"Row(start=datetime.datetime(2016, 7, 26, 11, 55), end=datetime.datetime(2016, 7, 26, 12, 5))",35.0
226,"Row(start=datetime.datetime(2016, 7, 27, 5, 15), end=datetime.datetime(2016, 7, 27, 5, 25))",32.1
227,"Row(start=datetime.datetime(2016, 7, 28, 7, 35), end=datetime.datetime(2016, 7, 28, 7, 45))",10.2
228,"Row(start=datetime.datetime(2016, 7, 27, 0, 25), end=datetime.datetime(2016, 7, 27, 0, 35))",36.8
229,"Row(start=datetime.datetime(2016, 7, 27, 7, 25), end=datetime.datetime(2016, 7, 27, 7, 35))",31.0
230,"Row(start=datetime.datetime(2016, 7, 28, 6, 35), end=datetime.datetime(2016, 7, 28, 6, 45))",32.0
231,"Row(start=datetime.datetime(2016, 7, 26, 16, 25), end=datetime.datetime(2016, 7, 26, 16, 35))",33.9
232,"Row(start=datetime.datetime(2016, 7, 27, 14, 5), end=datetime.datetime(2016, 7, 27, 14, 15))",33.0
233,"Row(start=datetime.datetime(2016, 7, 26, 17, 55), end=datetime.datetime(2016, 7, 26, 18, 5))",32.7
234,"Row(start=datetime.datetime(2016, 7, 26, 9, 55), end=datetime.datetime(2016, 7, 26, 10, 5))",34.0
235,"Row(start=datetime.datetime(2016, 7, 26, 5, 45), end=datetime.datetime(2016, 7, 26, 5, 55))",26.7
236,"Row(start=datetime.datetime(2016, 7, 26, 15, 45), end=datetime.datetime(2016, 7, 26, 15, 55))",34.5
237,"Row(start=datetime.datetime(2016, 7, 27, 0, 5), end=datetime.datetime(2016, 7, 27, 0, 15))",33.1
238,"Row(start=datetime.datetime(2016, 7, 27, 12, 5), end=datetime.datetime(2016, 7, 27, 12, 15))",32.7
239,"Row(start=datetime.datetime(2016, 7, 27, 0, 15), end=datetime.datetime(2016, 7, 27, 0, 25))",31.5
240,"Row(start=datetime.datetime(2016, 7, 28, 0, 55), end=datetime.datetime(2016, 7, 28, 1, 5))",34.9
241,"Row(start=datetime.datetime(2016, 7, 27, 15, 25), end=datetime.datetime(2016, 7, 27, 15, 35))",32.7
242,"Row(start=datetime.datetime(2016, 7, 27, 11, 25), end=datetime.datetime(2016, 7, 27, 11, 35))",33.8
243,"Row(start=datetime.datetime(2016, 7, 28, 2, 25), end=datetime.datetime(2016, 7, 28, 2, 35))",30.9
244,"Row(start=datetime.datetime(2016, 7, 26, 17, 35), end=datetime.datetime(2016, 7, 26, 17, 45))",33.1
245,"Row(start=datetime.datetime(2016, 7, 27, 8, 5), end=datetime.datetime(2016, 7, 27, 8, 15))",34.4
246,"Row(start=datetime.datetime(2016, 7, 27, 16, 55), end=datetime.datetime(2016, 7, 27, 17, 5))",31.4
247,"Row(start=datetime.datetime(2016, 7, 26, 22, 45), end=datetime.datetime(2016, 7, 26, 22, 55))",33.4
248,"Row(start=datetime.datetime(2016, 7, 27, 0, 45), end=datetime.datetime(2016, 7, 27, 0, 55))",35.7
249,"Row(start=datetime.datetime(2016, 7, 27, 1, 5), end=datetime.datetime(2016, 7, 27, 1, 15))",31.7
250,"Row(start=datetime.datetime(2016, 7, 26, 11, 25), end=datetime.datetime(2016, 7, 26, 11, 35))",33.3
251,"Row(start=datetime.datetime(2016, 7, 26, 21, 55), end=datetime.datetime(2016, 7, 26, 22, 5))",33.4
252,"Row(start=datetime.datetime(2016, 7, 27, 21, 15), end=datetime.datetime(2016, 7, 27, 21, 25))",31.8
253,"Row(start=datetime.datetime(2016, 7, 27, 8, 35), end=datetime.datetime(2016, 7, 27, 8, 45))",33.8
254,"Row(start=datetime.datetime(2016, 7, 28, 2, 15), end=datetime.datetime(2016, 7, 28, 2, 25))",33.1
255,"Row(start=datetime.datetime(2016, 7, 27, 1, 25), end=datetime.datetime(2016, 7, 27, 1, 35))",31.3
256,"Row(start=datetime.datetime(2016, 7, 27, 11, 35), end=datetime.datetime(2016, 7, 27, 11, 45))",34.3
257,"Row(start=datetime.datetime(2016, 7, 26, 11, 15), end=datetime.datetime(2016, 7, 26, 11, 25))",34.3
258,"Row(start=datetime.datetime(2016, 7, 27, 13, 45), end=datetime.datetime(2016, 7, 27, 13, 55))",31.7
259,"Row(start=datetime.datetime(2016, 7, 28, 0, 5), end=datetime.datetime(2016, 7, 28, 0, 15))",33.5
260,"Row(start=datetime.datetime(2016, 7, 28, 5, 15), end=datetime.datetime(2016, 7, 28, 5, 25))",32.4
261,"Row(start=datetime.datetime(2016, 7, 27, 1, 55), end=datetime.datetime(2016, 7, 27, 2, 5))",31.9
262,"Row(start=datetime.datetime(2016, 7, 27, 17, 15), end=datetime.datetime(2016, 7, 27, 17, 25))",34.6
263,"Row(start=datetime.datetime(2016, 7, 27, 12, 15), end=datetime.datetime(2016, 7, 27, 12, 25))",33.5
264,"Row(start=datetime.datetime(2016, 7, 27, 3, 15), end=datetime.datetime(2016, 7, 27, 3, 25))",35.4
265,"Row(start=datetime.datetime(2016, 7, 27, 7, 5), end=datetime.datetime(2016, 7, 27, 7, 15))",32.5
266,"Row(start=datetime.datetime(2016, 7, 27, 22, 5), end=datetime.datetime(2016, 7, 27, 22, 15))",33.6
267,"Row(start=datetime.datetime(2016, 7, 27, 4, 15), end=datetime.datetime(2016, 7, 27, 4, 25))",32.9
268,"Row(start=datetime.datetime(2016, 7, 27, 9, 15), end=datetime.datetime(2016, 7, 27, 9, 25))",33.1
269,"Row(start=datetime.datetime(2016, 7, 27, 14, 45), end=datetime.datetime(2016, 7, 27, 14, 55))",34.8
270,"Row(start=datetime.datetime(2016, 7, 27, 19, 35), end=datetime.datetime(2016, 7, 27, 19, 45))",33.1
271,"Row(start=datetime.datetime(2016, 7, 26, 15, 15), end=datetime.datetime(2016, 7, 26, 15, 25))",35.8
272,"Row(start=datetime.datetime(2016, 7, 26, 10, 35), end=datetime.datetime(2016, 7, 26, 10, 45))",33.9
273,"Row(start=datetime.datetime(2016, 7, 26, 15, 55), end=datetime.datetime(2016, 7, 26, 16, 5))",32.7
274,"Row(start=datetime.datetime(2016, 7, 26, 6, 35), end=datetime.datetime(2016, 7, 26, 6, 45))",31.8
275,"Row(start=datetime.datetime(2016, 7, 27, 13, 15), end=datetime.datetime(2016, 7, 27, 13, 25))",33.9
276,"Row(start=datetime.datetime(2016, 7, 27, 21, 5), end=datetime.datetime(2016, 7, 27, 21, 15))",32.3
277,"Row(start=datetime.datetime(2016, 7, 27, 7, 55), end=datetime.datetime(2016, 7, 27, 8, 5))",35.7
278,"Row(start=datetime.datetime(2016, 7, 28, 4, 55), end=datetime.datetime(2016, 7, 28, 5, 5))",34.6
279,"Row(start=datetime.datetime(2016, 7, 26, 6, 25), end=datetime.datetime(2016, 7, 26, 6, 35))",31.4
280,"Row(start=datetime.datetime(2016, 7, 26, 12, 45), end=datetime.datetime(2016, 7, 26, 12, 55))",33.5
281,"Row(start=datetime.datetime(2016, 7, 26, 18, 25), end=datetime.datetime(2016, 7, 26, 18, 35))",35.0
282,"Row(start=datetime.datetime(2016, 7, 26, 14, 45), end=datetime.datetime(2016, 7, 26, 14, 55))",33.7
283,"Row(start=datetime.datetime(2016, 7, 27, 5, 25), end=datetime.datetime(2016, 7, 27, 5, 35))",33.4
284,"Row(start=datetime.datetime(2016, 7, 28, 3, 5), end=datetime.datetime(2016, 7, 28, 3, 15))",36.8
285,"Row(start=datetime.datetime(2016, 7, 27, 0, 35), end=datetime.datetime(2016, 7, 27, 0, 45))",31.7
286,"Row(start=datetime.datetime(2016, 7, 26, 5, 55), end=datetime.datetime(2016, 7, 26, 6, 5))",23.6
287,"Row(start=datetime.datetime(2016, 7, 27, 15, 55), end=datetime.datetime(2016, 7, 27, 16, 5))",35.6
288,"Row(start=datetime.datetime(2016, 7, 26, 21, 35), end=datetime.datetime(2016, 7, 26, 21, 45))",30.6
289,"Row(start=datetime.datetime(2016, 7, 26, 20, 35), end=datetime.datetime(2016, 7, 26, 20, 45))",34.4
290,"Row(start=datetime.datetime(2016, 7, 28, 6, 55), end=datetime.datetime(2016, 7, 28, 7, 5))",14.8
291,"Row(start=datetime.datetime(2016, 7, 28, 4, 5), end=datetime.datetime(2016, 7, 28, 4, 15))",32.7
292,"Row(start=datetime.datetime(2016, 7, 27, 1, 15), end=datetime.datetime(2016, 7, 27, 1, 25))",35.1
293,"Row(start=datetime.datetime(2016, 7, 27, 21, 25), end=datetime.datetime(2016, 7, 27, 21, 35))",32.9
294,"Row(start=datetime.datetime(2016, 7, 26, 8, 55), end=datetime.datetime(2016, 7, 26, 9, 5))",33.7
295,"Row(start=datetime.datetime(2016, 7, 26, 18, 35), end=datetime.datetime(2016, 7, 26, 18, 45))",30.8
296,"Row(start=datetime.datetime(2016, 7, 26, 11, 45), end=datetime.datetime(2016, 7, 26, 11, 55))",32.5
297,"Row(start=datetime.datetime(2016, 7, 28, 3, 55), end=datetime.datetime(2016, 7, 28, 4, 5))",32.7
298,"Row(start=datetime.datetime(2016, 7, 26, 13, 15), end=datetime.datetime(2016, 7, 26, 13, 25))",34.0
299,"Row(start=datetime.datetime(2016, 7, 27, 17, 25), end=datetime.datetime(2016, 7, 27, 17, 35))",32.9
300,"Row(start=datetime.datetime(2016, 7, 26, 18, 15), end=datetime.datetime(2016, 7, 26, 18, 25))",32.8
301,"Row(start=datetime.datetime(2016, 7, 26, 14, 55), end=datetime.datetime(2016, 7, 26, 15, 5))",31.3
302,"Row(start=datetime.datetime(2016, 7, 27, 19, 15), end=datetime.datetime(2016, 7, 27, 19, 25))",33.9
303,"Row(start=datetime.datetime(2016, 7, 28, 5, 25), end=datetime.datetime(2016, 7, 28, 5, 35))",34.4
304,"Row(start=datetime.datetime(2016, 7, 27, 23, 45), end=datetime.datetime(2016, 7, 27, 23, 55))",34.7
305,"Row(start=datetime.datetime(2016, 7, 26, 12, 15), end=datetime.datetime(2016, 7, 26, 12, 25))",33.5
306,"Row(start=datetime.datetime(2016, 7, 27, 17, 5), end=datetime.datetime(2016, 7, 27, 17, 15))",32.1
307,"Row(start=datetime.datetime(2016, 7, 28, 6, 5), end=datetime.datetime(2016, 7, 28, 6, 15))",33.5
308,"Row(start=datetime.datetime(2016, 7, 27, 22, 45), end=datetime.datetime(2016, 7, 27, 22, 55))",35.4
309,"Row(start=datetime.datetime(2016, 7, 27, 13, 55), end=datetime.datetime(2016, 7, 27, 14, 5))",31.2
310,"Row(start=datetime.datetime(2016, 7, 26, 5, 35), end=datetime.datetime(2016, 7, 26, 5, 45))",24.2
311,"Row(start=datetime.datetime(2016, 7, 26, 14, 15), end=datetime.datetime(2016, 7, 26, 14, 25))",32.6
312,"Row(start=datetime.datetime(2016, 7, 28, 7, 5), end=datetime.datetime(2016, 7, 28, 7, 15))",15.3
